{
  "name": "Vial ATmega32u4 Example",
  "matrix": {
    "rows": 8,
    "cols": 5
  },
  "layouts": {
    "keymap": [
      [
        {
          "y": 0.13,
          "x": 2.55,
          "sb": "cherry",
          "st": "MX1A-G1xx",
          "f": 6,
          "fa": [
            4
          ]
        },
        "0,2",
        {
          "x": 6.750000000000001
        },
        "4,2"
      ],
      [
        {
          "y": -0.7499999999999999,
          "x": 1.35
        },
        "0,1",
        {
          "x": 1.1999999999999997
        },
        "0,3",
        {
          "x": 4.750000000000001
        },
        "4,3",
        {
          "x": 1.1999999999999993
        },
        "4,1"
      ],
      [
        {
          "y": -0.8999999999999999,
          "x": 4.55
        },
        "0,4",
        {
          "x": 2.750000000000001
        },
        "4,4"
      ],
      [
        {
          "y": -0.5,
          "x": 0.25
        },
        "0,0",
        {
          "x": 11.45,
          "f": 3,
          "fa": [
            4
          ]
        },
        "4,0"
      ],
      [
        {
          "y": -0.8500000000000001,
          "x": 2.55,
          "f": 6,
          "fa": [
            4
          ]
        },
        "1,2",
        {
          "x": 6.750000000000001
        },
        "5,2"
      ],
      [
        {
          "y": -0.75,
          "x": 1.45
        },
        "1,1",
        {
          "x": 1.0999999999999996
        },
        "1,3",
        {
          "x": 4.750000000000001
        },
        "5,3",
        {
          "x": 1.0999999999999996
        },
        "5,1"
      ],
      [
        {
          "y": -0.8999999999999999,
          "x": 4.55
        },
        "1,4",
        {
          "x": 2.750000000000001
        },
        "5,4"
      ],
      [
        {
          "y": -0.5,
          "x": 0.35
        },
        "1,0",
        {
          "x": 11.15
        },
        "5,0"
      ],
      [
        {
          "y": -0.8500000000000001,
          "x": 2.55
        },
        "2,2",
        {
          "x": 6.750000000000001,
          "f": 3,
          "fa": [
            4
          ]
        },
        "6,2"
      ],
      [
        {
          "y": -0.75,
          "x": 1.55,
          "f": 6,
          "fa": [
            4
          ]
        },
        "2,1",
        {
          "x": 1
        },
        "2,3",
        {
          "x": 4.750000000000001
        },
        "6,3",
        {
          "x": 1,
          "f": 3,
          "fa": [
            4
          ]
        },
        "6,1"
      ],
      [
        {
          "y": -0.8999999999999999,
          "x": 4.55,
          "f": 6,
          "fa": [
            4
          ]
        },
        "2,4",
        {
          "x": 2.750000000000001
        },
        "6,4"
      ],
      [
        {
          "y": -0.5,
          "x": 0.55
        },
        "2,0",
        {
          "x": 10.75,
          "f": 3,
          "fa": [
            4
          ]
        },
        "6,0"
      ],
      [
        {
          "y": -0.3500000000000001,
          "x": 3.3,
          "f": 5,
          "fa": [
            4
          ]
        },
        "3,2",
        {
          "x": 5.3500000000000005,
          "f": 3,
          "fa": [
            4
          ]
        },
        "7,2"
      ],
      [
        {
          "y": -0.8500000000000001,
          "x": 4.4,
          "f": 5,
          "fa": [
            4
          ]
        },
        "3,1",
        {
          "x": 3.1500000000000004,
          "f": 3,
          "fa": [
            4
          ]
        },
        "7,1"
      ],
      [
        {
          "y": -0.5999999999999996,
          "x": 5.5
        },
        "3,0",
        {
          "x": 0.9500000000000002
        },
        "7,0"
      ]
    ]
  }
}
